Horodateur,Savez-vous en quoi consiste une d√©marche de RSE ?,Diriez-vous que ... [Je suis tr√®s sensible aux questions RSE],Diriez-vous que ... [Je me sens en capacit√© d'agir pour la RSE],Diriez-vous que ... [Je m'efforce dans mon travail quotidien de prendre en compte les questions RSE],Diriez-vous que ... [L'IAE respecte d√©j√† la RSE],Diriez-vous que ... [Notre activit√© n'est pas la plus pertinente pour int√©grer les questions RSE],Diriez-vous que ... [Je me sens comp√©tent.e pour int√©grer les questions RSE √† mon travail quotidien],Diriez-vous que ... [J'ai besoin d'√™tre form√©.e concernant la RSE],Diriez-vous que ... [Je n'ai pas les ressources n√©cessaires pour prendre en compte les aspects RSE dans mon travail quotidien],"Concernant les 7 domaines de la RSE, comment √©valuez-vous votre niveau de connaissance et votre capacit√© d'agir ?  [La gouvernance ]","Concernant les 7 domaines de la RSE, comment √©valuez-vous votre niveau de connaissance et votre capacit√© d'agir ?  [Le droit des personnes]","Concernant les 7 domaines de la RSE, comment √©valuez-vous votre niveau de connaissance et votre capacit√© d'agir ?  [Les relations et conditions de travail]","Concernant les 7 domaines de la RSE, comment √©valuez-vous votre niveau de connaissance et votre capacit√© d'agir ?  [L'environnement]","Concernant les 7 domaines de la RSE, comment √©valuez-vous votre niveau de connaissance et votre capacit√© d'agir ?  [La loyaut√© des pratiques et des relations d'affaires ]","Concernant les 7 domaines de la RSE, comment √©valuez-vous votre niveau de connaissance et votre capacit√© d'agir ?  [L'int√©r√™t des clients / consommateurs ]","Concernant les 7 domaines de la RSE, comment √©valuez-vous votre niveau de connaissance et votre capacit√© d'agir ?  [Le d√©veloppement local et l'inclusion dans les communaut√©s locales]",√ätes-vous ?,Comment int√©grez-vous la d√©marche RSE dans votre travail quotidien ?,"Pouvez-vous nous pr√©cisez comment vous int√©grez la d√©marche dans votre travail quotidien ? Ou pourquoi vous ne l'int√©grez pas ?
(N'h√©sitez pas √† d√©tailler :) ) ","Que signifie pour vous ""int√©grer la RSE dans son travail quotidien"" ?

(N'h√©sitez pas √† d√©tailler :) )",C'est le r√¥le de l'IAE de former les √©tudiants aux questions RSE,Comment int√©grez-vous les questions de la RSE dans vos enseignements ?,"Pouvez-vous nous pr√©cisez comment vous int√©grez les notions dans vos enseignements (cours, projets etc ) ? Ou pourquoi vous ne les int√©grez pas ?
(N'h√©sitez pas √† d√©tailler :) ) ","Avez-vous des suggestions / id√©es sur ce qui doit √™tre mis en place d‚Äôun point de vue RSE au sein de l‚ÄôIAE ? 
(N'h√©sitez pas √† √™tre exhaustif.ve :) )","Aimeriez-vous √™tre form√©.e et/ou outill√©.e pour am√©liorer votre impact en mati√®re de RSE ?

Plusieurs r√©ponses possibles","Si vous souhaitez sortir de l‚Äôanonymat et nourrir les r√©flexions de l'IAE autour des questions sur la RSE, vous pouvez nous laisser votre nom, pr√©nom et mail.
Merci"
25/10/2023 14:55:21,7,"Non, pas du tout","Non, pas du tout","Non, pas du tout","Non, pas du tout","Non, pas du tout","Non, pas du tout","Non, pas du tout","Non, pas du tout",Je connais en th√©orie mais je ne sais pas comment agir,Je connais en th√©orie mais je ne sais pas comment agir,Je connais en th√©orie mais je ne sais pas comment agir,Je connais en th√©orie mais je ne sais pas comment agir,Je connais en th√©orie mais je ne sais pas comment agir,Je ne connais pas bien,Je connais en th√©orie mais je ne sais pas comment agir,Personnel enseignant (y compris vacataire),,,,1,Je n'int√®gre pas particuli√®rement cette d√©marche dans mes enseignements,"La RSE est sans int√©r√™t dans un pays qui dispose d'un cadre juridique. Pire, elle n'a aucun sens lorsqu'on parle de convivialit√©. ",Aucune la RSE est sans int√©r√™t dans un pays civilis√©.,"Non, cela ne m'int√©resse pas.",Cette question est d√©plac√©e par rapport aux besoins de l'enqu√™te.
25/10/2023 14:57:07,7,2,3,3,4,3,2,3,2,Je ne connais pas bien,Je ne connais pas bien,Je ne connais pas bien,Je ne connais pas bien,Je ne connais pas bien,Je ne connais pas bien,Je connais bien et je sais comment agir en faveur de la RSE,Personnel enseignant (y compris vacataire),,,,5,Je n'int√®gre pas particuli√®rement cette d√©marche dans mes enseignements,Je ne suis pas r√©guli√®rement sur place par contre je digitalise tous mes contenus (plus de papiers),,"Non, je connais suffisamment.",
25/10/2023 15:10:57,7,4,4,4,4,3,4,4,3,Je connais en th√©orie mais je ne sais pas comment agir,Je connais en th√©orie mais je ne sais pas comment agir,Je connais en th√©orie mais je ne sais pas comment agir,Je connais en th√©orie mais je ne sais pas comment agir,Je ne connais pas bien,Je ne connais pas bien,Je connais en th√©orie mais je ne sais pas comment agir,Personnel BIATSS,Je n'int√®gre pas particuli√®rement cette d√©marche dans mon travail quotidien.,,,,,,,"Oui, j'aimerais mieux comprendre la d√©marche RSE.",
25/10/2023 15:18:16,3,"Non, pas du tout","Non, pas du tout","Non, pas du tout",2,2,"Non, pas du tout","Non, pas du tout","Non, pas du tout",Je ne connais pas bien,Je ne connais pas bien,Je ne connais pas bien,Je ne connais pas bien,Je ne connais pas bien,Je ne connais pas bien,Je ne connais pas bien,Personnel enseignant (y compris vacataire),,,,4,Je n'int√®gre pas particuli√®rement cette d√©marche dans mes enseignements,,,"Non, cela ne m'int√©resse pas.",
25/10/2023 15:23:52,1,"Non, pas du tout",2,"Non, pas du tout",4,"Oui, tout √† fait","Non, pas du tout",4,2,Je ne connais pas bien,Je ne connais pas bien,Je ne connais pas bien,Je ne connais pas bien,Je ne connais pas bien,Je ne connais pas bien,Je ne connais pas bien,Personnel enseignant (y compris vacataire),,,,1,Je n'int√®gre pas particuli√®rement cette d√©marche dans mes enseignements,Pas d‚Äôint√©r√™t particulier √† int√©grer le rse dans ma mati√®re ,,"Non, cela ne m'int√©resse pas.",
25/10/2023 15:33:16,6,"Oui, tout √† fait",4,4,2,2,4,3,3,Je connais en th√©orie mais je ne sais pas comment agir,Je connais en th√©orie mais je ne sais pas comment agir,Je connais bien et je sais comment agir en faveur de la RSE,Je connais bien et je sais comment agir en faveur de la RSE,Je connais en th√©orie mais je ne sais pas comment agir,Je connais en th√©orie mais je ne sais pas comment agir,Je connais bien et je sais comment agir en faveur de la RSE,Personnel enseignant (y compris vacataire),,,,7,Je n'int√®gre pas particuli√®rement cette d√©marche dans mes enseignements,,,"Oui, j'aimerais mieux comprendre la d√©marche RSE.",
25/10/2023 15:45:46,7,4,2,3,3,"Non, pas du tout",3,"Non, pas du tout","Non, pas du tout",Je connais en th√©orie mais je ne sais pas comment agir,Je connais en th√©orie mais je ne sais pas comment agir,Je connais en th√©orie mais je ne sais pas comment agir,Je connais en th√©orie mais je ne sais pas comment agir,Je connais en th√©orie mais je ne sais pas comment agir,Je connais en th√©orie mais je ne sais pas comment agir,Je connais en th√©orie mais je ne sais pas comment agir,Personnel enseignant (y compris vacataire),,,,7,J'int√®gre ces questions tout au long de mes enseignements,en rappel des obligations de l employeur dans une cours de rh ( m√™me sur la formation),,"Non, je connais suffisamment.",
25/10/2023 15:50:31,7,"Oui, tout √† fait","Oui, tout √† fait","Oui, tout √† fait",3,3,"Oui, tout √† fait",3,"Non, pas du tout",Je connais bien et je sais comment agir en faveur de la RSE,Je connais en th√©orie mais je ne sais pas comment agir,Je connais bien et je sais comment agir en faveur de la RSE,Je connais bien et je sais comment agir en faveur de la RSE,Je connais bien et je sais comment agir en faveur de la RSE,Je connais bien et je sais comment agir en faveur de la RSE,Je connais bien et je sais comment agir en faveur de la RSE,Personnel enseignant (y compris vacataire),,,,6,J'int√®gre ces questions tout au long de mes enseignements,La RSE n√©cessite ma mise en place d'indicateurs pour mesurer sa prise en compte. C'est un des vecteurs de valorisation de la data.,,"Non, je connais suffisamment.",
25/10/2023 16:31:11,5,"Oui, tout √† fait",4,3,3,"Non, pas du tout",4,4,"Non, pas du tout",Je connais en th√©orie mais je ne sais pas comment agir,Je connais en th√©orie mais je ne sais pas comment agir,Je connais en th√©orie mais je ne sais pas comment agir,Je connais en th√©orie mais je ne sais pas comment agir,Je connais en th√©orie mais je ne sais pas comment agir,Je connais en th√©orie mais je ne sais pas comment agir,Je connais en th√©orie mais je ne sais pas comment agir,Personnel enseignant (y compris vacataire),,,,5,J'int√®gre ces questions tout au long de mes enseignements,,,"Oui, j'aimerais mieux comprendre la d√©marche RSE., Oui, j'aimerais savoir agir davantage en faveur de la RSE.",
25/10/2023 16:34:37,7,3,4,3,3,"Non, pas du tout",4,2,"Non, pas du tout",Je connais en th√©orie mais je ne sais pas comment agir,Je connais bien et je sais comment agir en faveur de la RSE,Je connais bien et je sais comment agir en faveur de la RSE,Je connais en th√©orie mais je ne sais pas comment agir,Je connais bien et je sais comment agir en faveur de la RSE,Je connais en th√©orie mais je ne sais pas comment agir,Je connais en th√©orie mais je ne sais pas comment agir,Personnel enseignant (y compris vacataire),,,,7,J'int√®gre ces questions tout au long de mes enseignements,,,"Non, je connais suffisamment.",
25/10/2023 17:20:17,7,"Oui, tout √† fait","Oui, tout √† fait","Non, pas du tout",2,2,"Oui, tout √† fait",3,3,Je ne connais pas bien,Je ne connais pas bien,Je connais bien et je sais comment agir en faveur de la RSE,Je connais bien et je sais comment agir en faveur de la RSE,Je connais en th√©orie mais je ne sais pas comment agir,Je ne connais pas bien,Je ne connais pas bien,Personnel enseignant (y compris vacataire),,,,7,Je n'int√®gre pas particuli√®rement cette d√©marche dans mes enseignements,,,"Non, cela ne m'int√©resse pas.",
25/10/2023 20:38:52,1,"Non, pas du tout","Non, pas du tout",3,3,3,"Non, pas du tout",3,"Non, pas du tout",Je connais en th√©orie mais je ne sais pas comment agir,Je connais bien et je sais comment agir en faveur de la RSE,Je connais bien et je sais comment agir en faveur de la RSE,Je connais bien et je sais comment agir en faveur de la RSE,Je connais bien et je sais comment agir en faveur de la RSE,Je connais bien et je sais comment agir en faveur de la RSE,Je connais bien et je sais comment agir en faveur de la RSE,Personnel enseignant (y compris vacataire),,,,7,Je n'int√®gre pas particuli√®rement cette d√©marche dans mes enseignements,,,"Oui, j'aimerais mieux comprendre la d√©marche RSE.",
25/10/2023 21:24:04,2,3,"Non, pas du tout","Non, pas du tout",3,"Non, pas du tout","Non, pas du tout","Oui, tout √† fait","Oui, tout √† fait",Je ne connais pas bien,Je ne connais pas bien,Je ne connais pas bien,Je ne connais pas bien,Je ne connais pas bien,Je ne connais pas bien,Je ne connais pas bien,Personnel enseignant (y compris vacataire),,,,7,Je n'int√®gre pas particuli√®rement cette d√©marche dans mes enseignements,,,"Oui, j'aimerais mieux comprendre la d√©marche RSE., Oui, j'aimerais savoir agir davantage en faveur de la RSE.",
26/10/2023 08:36:22,4,4,4,4,2,"Non, pas du tout",4,4,4,Je connais en th√©orie mais je ne sais pas comment agir,Je connais en th√©orie mais je ne sais pas comment agir,Je connais en th√©orie mais je ne sais pas comment agir,Je connais en th√©orie mais je ne sais pas comment agir,Je connais en th√©orie mais je ne sais pas comment agir,Je connais en th√©orie mais je ne sais pas comment agir,Je connais en th√©orie mais je ne sais pas comment agir,Personnel enseignant (y compris vacataire),,,,6,J'int√®gre ces questions tout au long de mes enseignements,"UEs Projets sinon th√©matique abord√©e sous l‚Äôangle du cours (conso, com, etc)","Dans les assos √©tudiantes, de mani√®re transversale dans les cours, via une charte de bonnes pratiques ","Oui, j'aimerais mieux comprendre la d√©marche RSE., Oui, j'aimerais savoir agir davantage en faveur de la RSE.",Sophie Changeur
26/10/2023 08:48:12,7,3,4,"Oui, tout √† fait",3,4,"Oui, tout √† fait",3,3,Je connais bien et je sais comment agir en faveur de la RSE,Je connais en th√©orie mais je ne sais pas comment agir,Je connais bien et je sais comment agir en faveur de la RSE,Je connais bien et je sais comment agir en faveur de la RSE,Je connais bien et je sais comment agir en faveur de la RSE,Je connais bien et je sais comment agir en faveur de la RSE,Je connais bien et je sais comment agir en faveur de la RSE,Personnel enseignant (y compris vacataire),,,,6,J'int√®gre ces questions tout au long de mes enseignements,"Les sujets sont √©voqu√©s durant les cours, d√®s que l'occasion se pr√©sente",,"Non, je connais suffisamment.",
26/10/2023 10:09:58,5,4,"Oui, tout √† fait","Oui, tout √† fait",2,"Non, pas du tout",4,4,3,Je ne connais pas bien,Je connais en th√©orie mais je ne sais pas comment agir,Je connais en th√©orie mais je ne sais pas comment agir,Je connais bien et je sais comment agir en faveur de la RSE,Je ne connais pas bien,Je connais bien et je sais comment agir en faveur de la RSE,Je connais en th√©orie mais je ne sais pas comment agir,Personnel enseignant (y compris vacataire),,,,6,J'int√®gre ces questions tout au long de mes enseignements,"Pour moi, c'est une notion transversale : je t√¢che d'aborder chaque notion par le prisme de la RSE √† un moment ou √† un autre de mes enseignements. Cela prend la forme, √† minima d'une discussion / d√©bat avec les √©tudiants lorsqu'il ne s'agit pas d'un aspect √† respecter / mettre en ≈ìuvre lors d'√©tudes de cas / √©tudes √† mener / projets √† conduire ","Favoriser la participation concr√®te des √©tudiants √† des projets / initiatives RSE. Par exemple, inclusion obligatoire d'une composante RSE dans les projets d√©velopp√©s, participation √† des √©v√©nements type concours en ce sens (et, de fait, valorisation des √©tudiants √©galement)","Oui, j'aimerais mieux comprendre la d√©marche RSE., Oui, j'aimerais savoir agir davantage en faveur de la RSE.","Je trouve (peut √™tre √† tord) que la RSE est trop abord√©e sous l'angle de l'environnement √† l'IAE et trop peu au regard d'autres consid√©rations (i.e.: inclusivit√© vis √† vis du handicap, genre etc). Il faudrait √©largir les th√©matiques pour sortir les √©tudiants d'une certaine lassitude qui semble s'√™tre install√©e. 

Alicia :) "
26/10/2023 12:25:30,7,"Oui, tout √† fait","Oui, tout √† fait","Oui, tout √† fait",4,3,"Oui, tout √† fait","Non, pas du tout","Non, pas du tout",Je connais en th√©orie mais je ne sais pas comment agir,Je connais en th√©orie mais je ne sais pas comment agir,Je connais en th√©orie mais je ne sais pas comment agir,Je connais bien et je sais comment agir en faveur de la RSE,Je connais bien et je sais comment agir en faveur de la RSE,Je connais bien et je sais comment agir en faveur de la RSE,Je connais bien et je sais comment agir en faveur de la RSE,Personnel enseignant (y compris vacataire),,,,5,J'int√®gre ces questions tout au long de mes enseignements,,,"Non, je connais suffisamment.",
27/10/2023 11:27:09,3,4,3,3,"Non, pas du tout","Non, pas du tout",3,4,4,Je ne connais pas bien,Je ne connais pas bien,Je ne connais pas bien,Je connais en th√©orie mais je ne sais pas comment agir,Je ne connais pas bien,Je connais en th√©orie mais je ne sais pas comment agir,Je connais en th√©orie mais je ne sais pas comment agir,Personnel BIATSS,Je n'int√®gre pas particuli√®rement cette d√©marche dans mon travail quotidien.,Pas les connaissances pour l'int√©grer et pas forc√©ment les moyens,d√©veloppement durable ? prise de conscience ? ,,,,,"Oui, j'aimerais mieux comprendre la d√©marche RSE., Oui, j'aimerais savoir agir davantage en faveur de la RSE.",
29/10/2023 21:17:05,5,3,3,3,2,"Non, pas du tout",2,"Non, pas du tout",2,Je connais en th√©orie mais je ne sais pas comment agir,Je connais bien et je sais comment agir en faveur de la RSE,Je connais bien et je sais comment agir en faveur de la RSE,Je connais bien et je sais comment agir en faveur de la RSE,Je ne connais pas bien,Je connais bien et je sais comment agir en faveur de la RSE,Je ne connais pas bien,Personnel enseignant (y compris vacataire),,,,7,J'int√®gre ces questions tout au long de mes enseignements,"Petite partie sur la faible repr√©sentation des femmes et des minorit√©s visibles dans la direction des entreprises, green washing √† travers les rapports annuels des entreprises, obligations vertes (fonctionnement, √©metteurs, impact), notation RSE, ... 
Mais la part de ce th√®me dans mes cours reste faible (ce n'est pas le sujet).","Rendre plus visible dans les maquettes (un cours?)
Comment impliquer les √©tudiants alors qu'ils pr√©f√®rent la voiture au bus et prennent l'ascenseur √† la place de l'escalier... C'est un vrai sujet.","Oui, j'aimerais savoir agir davantage en faveur de la RSE., Impliquer tous les acteurs sans tomber dans le pi√®ge de la communication.",Jacques-Marie. Bon courage et je peux t'assurer de mon soutien !üòâ
30/10/2023 13:51:53,2,3,"Non, pas du tout","Non, pas du tout","Non, pas du tout","Oui, tout √† fait",2,"Oui, tout √† fait","Oui, tout √† fait",Je ne connais pas bien,Je connais en th√©orie mais je ne sais pas comment agir,Je connais bien et je sais comment agir en faveur de la RSE,Je connais en th√©orie mais je ne sais pas comment agir,Je ne connais pas bien,Je ne connais pas bien,Je ne connais pas bien,Personnel BIATSS,Je n'int√®gre pas particuli√®rement cette d√©marche dans mon travail quotidien.,il ne sais pas comment faire...,"avoir une attitude d‚Äô√©co-gestion, d√©marche de responsabilit√© √©cologique...",,,,,"Oui, j'aimerais mieux comprendre la d√©marche RSE.",
06/11/2023 21:00:16,4,3,3,2,4,"Non, pas du tout",3,3,2,Je connais en th√©orie mais je ne sais pas comment agir,Je connais en th√©orie mais je ne sais pas comment agir,Je connais en th√©orie mais je ne sais pas comment agir,Je connais en th√©orie mais je ne sais pas comment agir,Je connais bien et je sais comment agir en faveur de la RSE,Je connais bien et je sais comment agir en faveur de la RSE,Je connais en th√©orie mais je ne sais pas comment agir,Personnel enseignant (y compris vacataire),,,,6,Je n'int√®gre pas particuli√®rement cette d√©marche dans mes enseignements,,,"Oui, j'aimerais mieux comprendre la d√©marche RSE.",
07/11/2023 09:54:52,6,"Oui, tout √† fait",3,4,2,"Non, pas du tout",3,4,4,Je connais en th√©orie mais je ne sais pas comment agir,Je connais en th√©orie mais je ne sais pas comment agir,Je connais en th√©orie mais je ne sais pas comment agir,Je connais bien et je sais comment agir en faveur de la RSE,Je connais en th√©orie mais je ne sais pas comment agir,Je connais en th√©orie mais je ne sais pas comment agir,Je connais bien et je sais comment agir en faveur de la RSE,Personnel enseignant (y compris vacataire),,,,7,J'ai un cours / une s√©ance d√©di√©e pour les UE qui s'y pr√™tent,"Je n'int√®gre pas ces questions dans les cours m√©thodologiques, mais pour les autres, j'ai au moins une s√©ance sur ces questions-l√†, notamment concernant les enjeux environnementaux, et j'encourage les √©tudiants √† choisir des sujets de projets/m√©moires relatifs √† la RSE.",un plan de co-voiturage ; p√©renniser et √©toffer la rentr√©e climat ; proposer des formations pour le personnel,"Oui, j'aimerais mieux comprendre la d√©marche RSE., Oui, j'aimerais savoir agir davantage en faveur de la RSE.",
08/11/2023 03:39:21,7,"Oui, tout √† fait","Oui, tout √† fait","Oui, tout √† fait","Oui, tout √† fait",2,"Oui, tout √† fait",3,2,Je connais en th√©orie mais je ne sais pas comment agir,Je connais bien et je sais comment agir en faveur de la RSE,Je connais bien et je sais comment agir en faveur de la RSE,Je connais bien et je sais comment agir en faveur de la RSE,Je connais bien et je sais comment agir en faveur de la RSE,Je connais bien et je sais comment agir en faveur de la RSE,Je connais bien et je sais comment agir en faveur de la RSE,Personnel enseignant (y compris vacataire),,,,7,J'int√®gre ces questions tout au long de mes enseignements,Dans les sujets et les cours de Management et Marketing,,"Oui, j'aimerais savoir agir davantage en faveur de la RSE.",
08/11/2023 18:34:28,7,"Oui, tout √† fait",4,"Oui, tout √† fait","Non, pas du tout","Non, pas du tout",4,2,3,Je connais bien et je sais comment agir en faveur de la RSE,Je connais en th√©orie mais je ne sais pas comment agir,Je connais en th√©orie mais je ne sais pas comment agir,Je connais bien et je sais comment agir en faveur de la RSE,Je connais bien et je sais comment agir en faveur de la RSE,Je connais bien et je sais comment agir en faveur de la RSE,Je connais bien et je sais comment agir en faveur de la RSE,Personnel enseignant (y compris vacataire),,,,7,J'int√®gre ces questions tout au long de mes enseignements,"EMP

 une s√©ance d√©di√©e : 
- enseignement sur l'entrepreneuriat engag√© :
- l‚Äô√âconomie sociale et solidaire
- innovation sociale 
- la RSE 
- entreprises √† mission

de mani√®re transversale dans les d√©marches entrepreneuriales  : 
- prise en compte des questions environnementales / sobri√©t√©
- prise en compte des acteurs locaux 
- mise en place d'une gouvernance √©largie / partag√©e 
- la prise en compte des consommateurs / des b√©n√©ficiaire (accessibilit√©)
- sensibilisation aux in√©galit√©s / √† la discrimination

cette ann√©e les √©tudiants travaillent sur les projets suivants :
- cabinet de conseil aux entreprises sur les questions relatives √† la gestion des d√©chets
- prestations de teambuilding sur les questions de la transition √©cologique
- paniers de cadeaux compos√©s de produits locaux
- colocations interg√©n√©rationnelles
- restauration √† base de produits locaux et de saison
- boutique de pr√™t √† porter d'occasion
- cabinet de conseil RSE


Je fais √©galement intervenir des acteurs locaux (associations / entreprises) qui s'inscrivent dans une d√©marche de transition √©cologique. 
exemple : s√©ance de teambuilding avec atelier sur le compostage 
proposition de la fresque du climat
rencontre d'entreprises √† mission / de l'ESS 





","au niveau de l'IAE
- doter l'IAE d'une strat√©gie qui formalise les objectifs en mati√®re de RSE
- proposition de s√©ances de formation / d'√©change sur les bonnes pratiques au personnel 
- mettre √† disposition des enseignants des outils p√©dagogiques
- travailler sur  la politique d'achat / les mobilit√©s douces / la gestion des d√©chets 

pour les √©tudiants et le personnel volontaire : 
- mettre en place des s√©ances d√©di√©s qui donne acc√®s √† une certification 
comprenant :  
   -un volet environnemental (r√©duction des √©missions des gaz √† effet de serre, recyclage, recours aux √©nergies renouvelables, etc.),
   -  un volet social (sant√©, bien √™tre, √©quit√©, respects de valeurs, etc;),
    - et un volet √©conomique (soutien √©conomie locale, transparence √©conomique, etc.)
","Oui, j'aimerais savoir agir davantage en faveur de la RSE.",Juliane 
09/11/2023 08:53:53,6,3,4,3,3,"Oui, tout √† fait",4,2,3,Je connais en th√©orie mais je ne sais pas comment agir,Je ne connais pas bien,Je connais bien et je sais comment agir en faveur de la RSE,Je connais bien et je sais comment agir en faveur de la RSE,Je connais en th√©orie mais je ne sais pas comment agir,Je connais en th√©orie mais je ne sais pas comment agir,Je connais en th√©orie mais je ne sais pas comment agir,Personnel enseignant (y compris vacataire),,,,6,J'ai un cours / une s√©ance d√©di√©e pour les UE qui s'y pr√™tent,Un cours figure dans la maquette du master,,"Non, je connais suffisamment.",
09/11/2023 08:57:06,6,3,4,4,"Oui, tout √† fait","Non, pas du tout",4,2,"Non, pas du tout",Je connais bien et je sais comment agir en faveur de la RSE,Je connais bien et je sais comment agir en faveur de la RSE,Je connais bien et je sais comment agir en faveur de la RSE,Je connais bien et je sais comment agir en faveur de la RSE,Je connais bien et je sais comment agir en faveur de la RSE,Je connais bien et je sais comment agir en faveur de la RSE,Je connais bien et je sais comment agir en faveur de la RSE,Personnel BIATSS,La d√©marche RSE est int√©gr√©e de mani√®re transversale dans mon quotidien de travail.,,,,,,,"Non, je connais suffisamment.",
09/11/2023 09:04:58,1,"Oui, tout √† fait","Oui, tout √† fait",4,"Oui, tout √† fait",4,"Oui, tout √† fait","Oui, tout √† fait",4,Je ne connais pas bien,Je connais en th√©orie mais je ne sais pas comment agir,Je connais bien et je sais comment agir en faveur de la RSE,Je connais bien et je sais comment agir en faveur de la RSE,Je connais en th√©orie mais je ne sais pas comment agir,Je ne connais pas bien,Je ne connais pas bien,Personnel enseignant (y compris vacataire),,,,7,J'int√®gre ces questions tout au long de mes enseignements,la RSE fait parti du subskill et c'est l'un des sujet lors des phases d'expression,,"Oui, j'aimerais savoir agir davantage en faveur de la RSE.",
09/11/2023 09:32:07,7,"Oui, tout √† fait",4,4,3,2,4,3,3,Je connais en th√©orie mais je ne sais pas comment agir,Je connais bien et je sais comment agir en faveur de la RSE,Je connais bien et je sais comment agir en faveur de la RSE,Je connais bien et je sais comment agir en faveur de la RSE,Je connais bien et je sais comment agir en faveur de la RSE,Je connais bien et je sais comment agir en faveur de la RSE,Je connais bien et je sais comment agir en faveur de la RSE,Personnel enseignant (y compris vacataire),,,,7,J'int√®gre ces questions tout au long de mes enseignements,,,"Oui, j'aimerais savoir agir davantage en faveur de la RSE.",
09/11/2023 09:32:17,6,"Oui, tout √† fait","Oui, tout √† fait",4,4,2,4,2,3,Je connais en th√©orie mais je ne sais pas comment agir,Je connais en th√©orie mais je ne sais pas comment agir,Je connais en th√©orie mais je ne sais pas comment agir,Je connais bien et je sais comment agir en faveur de la RSE,Je ne connais pas bien,Je ne connais pas bien,Je ne connais pas bien,Personnel enseignant (y compris vacataire),,,,5,Je n'int√®gre pas particuli√®rement cette d√©marche dans mes enseignements,,,"Oui, j'aimerais savoir agir davantage en faveur de la RSE.",
09/11/2023 09:36:25,6,3,3,4,4,2,2,2,4,Je ne connais pas bien,Je ne connais pas bien,Je connais en th√©orie mais je ne sais pas comment agir,Je connais en th√©orie mais je ne sais pas comment agir,Je connais en th√©orie mais je ne sais pas comment agir,Je connais en th√©orie mais je ne sais pas comment agir,Je ne connais pas bien,Personnel enseignant (y compris vacataire),,,,3,Je n'int√®gre pas particuli√®rement cette d√©marche dans mes enseignements,Pas en lien direct avec mon module ,Non ,"Oui, j'aimerais mieux comprendre la d√©marche RSE., Oui, j'aimerais savoir agir davantage en faveur de la RSE.",Laurent DEFONTAINE Laurent.defontaine@neuf.fr 
09/11/2023 10:57:17,7,4,"Oui, tout √† fait",4,4,4,"Oui, tout √† fait",4,4,Je ne connais pas bien,Je connais en th√©orie mais je ne sais pas comment agir,Je connais en th√©orie mais je ne sais pas comment agir,Je connais en th√©orie mais je ne sais pas comment agir,Je connais en th√©orie mais je ne sais pas comment agir,Je connais en th√©orie mais je ne sais pas comment agir,Je connais en th√©orie mais je ne sais pas comment agir,Personnel enseignant (y compris vacataire),,,,7,J'int√®gre ces questions tout au long de mes enseignements,,,"Oui, j'aimerais mieux comprendre la d√©marche RSE.",
09/11/2023 16:26:32,7,"Oui, tout √† fait",4,"Oui, tout √† fait","Oui, tout √† fait","Non, pas du tout","Oui, tout √† fait","Non, pas du tout","Oui, tout √† fait",Je connais bien et je sais comment agir en faveur de la RSE,Je connais bien et je sais comment agir en faveur de la RSE,Je connais bien et je sais comment agir en faveur de la RSE,Je connais bien et je sais comment agir en faveur de la RSE,Je connais bien et je sais comment agir en faveur de la RSE,Je connais bien et je sais comment agir en faveur de la RSE,Je connais bien et je sais comment agir en faveur de la RSE,Personnel enseignant (y compris vacataire),,,,7,J'int√®gre ces questions tout au long de mes enseignements,"faire part de mon ex√©rience professionnelle ainsi que  de ma pratique pprofessionnelle √† mes √©tudiants (exemples, cas pratiques, explication de questions difficiles √† comprendre, etc...)",,"Non, je connais suffisamment.",marie-Jos√®phe DECAIX - cabinet.decaix@orange.fr
10/11/2023 08:29:59,7,4,4,4,3,4,4,3,3,Je connais bien et je sais comment agir en faveur de la RSE,Je connais bien et je sais comment agir en faveur de la RSE,Je connais bien et je sais comment agir en faveur de la RSE,Je connais en th√©orie mais je ne sais pas comment agir,Je connais bien et je sais comment agir en faveur de la RSE,Je connais bien et je sais comment agir en faveur de la RSE,Je connais en th√©orie mais je ne sais pas comment agir,Personnel enseignant (y compris vacataire),,,,5,J'ai un cours / une s√©ance d√©di√©e pour les UE qui s'y pr√™tent,en droit du travail j'attire l'attention des √©tudiants sur ces notions au vu de la l√©gislation et de la jurisprudence,,"Non, je connais suffisamment.",
10/11/2023 11:59:59,6,3,2,4,2,3,4,3,2,Je connais bien et je sais comment agir en faveur de la RSE,Je ne connais pas bien,Je connais bien et je sais comment agir en faveur de la RSE,Je connais en th√©orie mais je ne sais pas comment agir,Je connais bien et je sais comment agir en faveur de la RSE,Je ne connais pas bien,Je ne connais pas bien,Personnel enseignant (y compris vacataire),,,,7,Je n'int√®gre pas particuli√®rement cette d√©marche dans mes enseignements,difficile √† placer dans mon cours,,"Oui, j'aimerais mieux comprendre la d√©marche RSE.",
10/11/2023 15:30:15,5,4,4,4,3,"Non, pas du tout",4,"Oui, tout √† fait",3,Je connais en th√©orie mais je ne sais pas comment agir,Je connais en th√©orie mais je ne sais pas comment agir,Je connais en th√©orie mais je ne sais pas comment agir,Je connais bien et je sais comment agir en faveur de la RSE,Je connais bien et je sais comment agir en faveur de la RSE,Je connais bien et je sais comment agir en faveur de la RSE,Je connais en th√©orie mais je ne sais pas comment agir,Personnel enseignant (y compris vacataire),,,,7,Je n'int√®gre pas particuli√®rement cette d√©marche dans mes enseignements,Je parviens √† faire du lien avec certains points de mes UE mais pas suffisamment pour y consacrer un cours,,"Oui, j'aimerais mieux comprendre la d√©marche RSE., Oui, j'aimerais savoir agir davantage en faveur de la RSE.",